Customer_ID,Customer_Name,Age,Gender,City,Membership_Type,Registration_Date
CUST00001,Customer_1,56.0,Female,Bangalore,Silver,2023-11-24
CUST00002,Customer_2,69.0,Male,Ahmedabad,Basic,2023-02-27
CUST00003,Customer_3,46.0,Male,Hyderabad,Basic,2023-01-13
CUST00004,Customer_4,32.0,Male,Kolkata,Gold,2023-05-21
CUST00005,Customer_5,60.0,Male,Chennai,Basic,2023-05-06
CUST00006,Customer_6,25.0,Male,Ahmedabad,Platinum,2023-04-25
CUST00007,Customer_7,38.0,Male,Ahmedabad,Basic,2023-03-13
CUST00008,Customer_8,56.0,Male,Mumbai,Gold,2023-02-22
CUST00009,Customer_9,36.0,Male,Jaipur,Silver,2023-12-13
CUST00010,Customer_10,40.0,Female,Kolkata,Gold,2023-10-07
CUST00011,Customer_11,28.0,Female,Chennai,Platinum,2023-02-14
CUST00012,Customer_12,28.0,Female,Hyderabad,Basic,2023-10-30
CUST00013,Customer_13,41.0,Female,Hyderabad,Platinum,2023-08-05
CUST00014,Customer_14,53.0,Female,Delhi,Basic,2023-01-17
CUST00015,Customer_15,57.0,Male,Ahmedabad,Basic,2023-01-16
CUST00016,Customer_16,41.0,Female,Pune,Basic,2023-02-17
CUST00017,Customer_17,20.0,Female,Mumbai,Silver,2023-04-22
CUST00018,Customer_18,39.0,Female,Kolkata,Basic,2023-04-30
CUST00019,Customer_19,19.0,Male,Hyderabad,Silver,2023-09-16
CUST00020,Customer_20,41.0,Male,Chennai,Silver,2023-11-05
CUST00021,Customer_21,61.0,Male,Delhi,Silver,2023-01-14
CUST00022,Customer_22,47.0,Male,Chennai,Gold,2023-10-15
CUST00023,Customer_23,55.0,Female,Mumbai,Basic,2023-04-12
CUST00024,Customer_24,19.0,Female,Pune,Basic,2023-11-29
CUST00025,Customer_25,38.0,Male,Delhi,Basic,2023-12-26
CUST00026,Customer_26,50.0,Other,Delhi,Basic,2023-10-07
CUST00027,Customer_27,29.0,Female,Jaipur,Basic,2023-08-03
CUST00028,Customer_28,39.0,Male,Kolkata,Basic,2023-04-23
CUST00029,Customer_29,61.0,Male,Delhi,Basic,2023-08-18
CUST00030,Customer_30,42.0,Male,Jaipur,Platinum,2023-10-29
CUST00031,Customer_31,66.0,Male,Jaipur,Silver,2023-05-23
CUST00032,Customer_32,44.0,Male,Mumbai,Basic,2023-01-04
CUST00033,Customer_33,59.0,Male,Bangalore,Silver,2023-03-23
CUST00034,Customer_34,45.0,Male,Chennai,Basic,2023-12-24
CUST00035,Customer_35,33.0,Male,Pune,Basic,2023-08-05
CUST00036,Customer_36,32.0,Female,Surat,Silver,2023-06-24
CUST00037,Customer_37,64.0,Male,Chennai,Basic,2023-05-23
CUST00038,Customer_38,68.0,Female,Delhi,Basic,2023-03-21
CUST00039,Customer_39,61.0,Male,Pune,Platinum,2023-04-21
CUST00040,Customer_40,69.0,Other,Hyderabad,Gold,2023-06-22
CUST00041,Customer_41,20.0,Male,Bangalore,Silver,2023-02-22
CUST00042,Customer_42,54.0,Male,Hyderabad,Silver,2023-02-17
CUST00043,Customer_43,68.0,Other,Hyderabad,Silver,2023-07-14
CUST00044,Customer_44,24.0,Female,Kolkata,Basic,2023-02-19
CUST00045,Customer_45,38.0,Female,Chennai,Basic,2023-07-03
CUST00046,Customer_46,26.0,Male,Surat,Basic,2023-06-26
CUST00047,Customer_47,56.0,Male,Mumbai,Basic,2023-11-06
CUST00048,Customer_48,35.0,Female,Surat,Silver,2023-05-16
CUST00049,Customer_49,21.0,Female,Hyderabad,Basic,2023-01-23
CUST00050,Customer_50,42.0,Female,Delhi,Platinum,2023-08-24
CUST00051,Customer_51,31.0,Female,Bangalore,Gold,2023-10-02
CUST00052,Customer_52,67.0,Male,Ahmedabad,Silver,2023-03-05
CUST00053,Customer_53,26.0,Female,Surat,Silver,2023-07-13
CUST00054,Customer_54,43.0,Male,Hyderabad,Gold,2023-02-10
CUST00055,Customer_55,19.0,Male,Bangalore,Basic,2023-10-10
CUST00056,Customer_56,37.0,Male,Pune,Silver,2023-05-31
CUST00057,Customer_57,45.0,Female,Chennai,Basic,2023-11-18
CUST00058,Customer_58,64.0,Male,Jaipur,Silver,2023-11-13
CUST00059,Customer_59,24.0,Male,Kolkata,Basic,2023-07-05
CUST00060,Customer_60,61.0,Female,Bangalore,Gold,2023-10-23
CUST00061,Customer_61,25.0,Male,Delhi,Gold,2023-04-09
CUST00062,Customer_62,,Female,Delhi,Basic,2023-12-27
CUST00063,Customer_63,52.0,Male,Bangalore,Basic,2023-02-05
CUST00064,Customer_64,31.0,Female,Delhi,Platinum,2023-01-24
CUST00065,Customer_65,34.0,Female,Chennai,Basic,2023-12-05
CUST00066,Customer_66,53.0,Male,Delhi,Gold,2023-04-27
CUST00067,Customer_67,67.0,Male,Surat,Silver,2023-05-29
CUST00068,Customer_68,57.0,Male,Jaipur,Basic,2023-02-10
CUST00069,Customer_69,21.0,Male,Delhi,Basic,2023-04-30
CUST00070,Customer_70,19.0,Other,Jaipur,Basic,2023-02-21
CUST00071,Customer_71,23.0,Male,Hyderabad,Silver,2023-07-14
CUST00072,Customer_72,59.0,Female,Mumbai,Basic,2023-05-23
CUST00073,Customer_73,21.0,Male,Chennai,Silver,2023-08-21
CUST00074,Customer_74,,Female,Mumbai,Basic,2023-11-22
CUST00075,Customer_75,35.0,Female,Hyderabad,Silver,2023-07-06
CUST00076,Customer_76,43.0,Female,Chennai,Gold,2023-03-25
CUST00077,Customer_77,61.0,Male,Bangalore,Platinum,2023-07-09
CUST00078,Customer_78,51.0,Male,Bangalore,Basic,2023-07-01
CUST00079,Customer_79,27.0,Male,Jaipur,Gold,2023-04-18
CUST00080,Customer_80,53.0,Female,Hyderabad,Silver,2023-12-10
CUST00081,Customer_81,31.0,Female,Jaipur,Silver,2023-05-17
CUST00082,Customer_82,48.0,Other,Kolkata,Platinum,2023-12-26
CUST00083,Customer_83,65.0,Male,,Basic,2023-12-16
CUST00084,Customer_84,32.0,Female,Ahmedabad,Basic,2023-11-28
CUST00085,Customer_85,25.0,Female,Kolkata,Gold,2023-02-06
CUST00086,Customer_86,31.0,Male,Delhi,Basic,2023-11-08
CUST00087,Customer_87,40.0,Male,Chennai,Gold,2023-11-22
CUST00088,Customer_88,57.0,Female,Jaipur,Gold,2023-03-29
CUST00089,Customer_89,38.0,Female,Chennai,Basic,2023-10-01
CUST00090,Customer_90,33.0,Female,Chennai,Gold,2023-05-06
CUST00091,Customer_91,62.0,Male,Delhi,Basic,2023-03-25
CUST00092,Customer_92,35.0,Female,Hyderabad,Silver,2023-08-25
CUST00093,Customer_93,64.0,Male,Delhi,Silver,2023-07-14
CUST00094,Customer_94,41.0,Male,Pune,Gold,2023-05-19
CUST00095,Customer_95,43.0,Male,Bangalore,Basic,2023-11-24
CUST00096,Customer_96,42.0,Female,Bangalore,Basic,2023-12-19
CUST00097,Customer_97,62.0,Female,Kolkata,Silver,2023-10-13
CUST00098,Customer_98,58.0,Female,Bangalore,Silver,2023-04-23
CUST00099,Customer_99,46.0,Male,Delhi,Silver,2023-12-17
CUST00100,Customer_100,32.0,Female,Surat,Basic,2023-06-16
CUST00101,Customer_101,62.0,Male,Jaipur,Basic,2023-01-29
CUST00102,Customer_102,18.0,Female,Delhi,Basic,2023-04-28
CUST00103,Customer_103,42.0,Male,Delhi,Gold,2023-01-17
CUST00104,Customer_104,24.0,Male,Ahmedabad,Basic,2023-06-11
CUST00105,Customer_105,26.0,Male,Jaipur,Basic,2023-07-25
CUST00106,Customer_106,41.0,Male,Pune,Platinum,2023-05-18
CUST00107,Customer_107,18.0,Female,Bangalore,Basic,2023-02-03
CUST00108,Customer_108,61.0,Female,Jaipur,Platinum,2023-04-19
CUST00109,Customer_109,25.0,Male,Bangalore,Silver,2023-10-18
CUST00110,Customer_110,41.0,Female,Kolkata,Gold,2023-06-11
CUST00111,Customer_111,28.0,Male,Jaipur,Basic,2023-04-19
CUST00112,Customer_112,68.0,Female,Bangalore,Basic,2023-12-02
CUST00113,Customer_113,34.0,Female,Pune,Silver,2023-09-13
CUST00114,Customer_114,25.0,Female,Mumbai,Gold,2023-07-22
CUST00115,Customer_115,52.0,Male,Chennai,Silver,2023-11-26
CUST00116,Customer_116,52.0,Female,Chennai,Basic,2023-08-23
CUST00117,Customer_117,50.0,Female,Pune,Silver,2023-03-15
CUST00118,Customer_118,,Male,Ahmedabad,Silver,2023-05-16
CUST00119,Customer_119,59.0,Male,Mumbai,Silver,2023-03-13
CUST00120,Customer_120,56.0,Female,Kolkata,Silver,2023-05-07
CUST00121,Customer_121,58.0,Female,Pune,Gold,2023-10-15
CUST00122,Customer_122,45.0,Female,Chennai,Silver,2023-10-03
CUST00123,Customer_123,24.0,Female,Chennai,Basic,2023-05-15
CUST00124,Customer_124,26.0,Female,Chennai,Basic,2023-10-27
CUST00125,Customer_125,25.0,Male,Hyderabad,Basic,2023-08-08
CUST00126,Customer_126,29.0,Male,Pune,Basic,2023-10-26
CUST00127,Customer_127,51.0,Male,Delhi,Basic,2023-07-24
CUST00128,Customer_128,50.0,Female,,Basic,2023-07-05
CUST00129,Customer_129,65.0,Male,Chennai,Basic,2023-04-23
CUST00130,Customer_130,40.0,Female,Bangalore,Basic,2023-03-12
CUST00131,Customer_131,41.0,Female,Pune,Gold,2023-09-18
CUST00132,Customer_132,54.0,Female,Hyderabad,Gold,2023-09-10
CUST00133,Customer_133,52.0,Male,Pune,Basic,2023-02-16
CUST00134,Customer_134,61.0,Female,Kolkata,Platinum,2023-01-25
CUST00135,Customer_135,57.0,Male,Hyderabad,Silver,2023-02-26
CUST00136,Customer_136,39.0,Female,Kolkata,Basic,2023-03-20
CUST00137,Customer_137,44.0,Male,Pune,Basic,2023-11-18
CUST00138,Customer_138,52.0,Male,Delhi,Silver,2023-03-23
CUST00139,Customer_139,18.0,Female,Kolkata,Silver,2023-12-15
CUST00140,Customer_140,52.0,Male,Hyderabad,Silver,2023-08-05
CUST00141,Customer_141,54.0,Male,Hyderabad,Basic,2023-11-02
CUST00142,Customer_142,64.0,Female,Kolkata,Basic,2023-02-02
CUST00143,Customer_143,31.0,Female,Surat,Basic,2023-07-17
CUST00144,Customer_144,20.0,Female,Pune,Basic,2023-07-15
CUST00145,Customer_145,18.0,Female,Surat,Basic,2023-11-02
CUST00146,Customer_146,,Female,Ahmedabad,Basic,2023-08-28
CUST00147,Customer_147,43.0,Male,Pune,Gold,2023-09-28
CUST00148,Customer_148,31.0,Male,Kolkata,Gold,2023-05-09
CUST00149,Customer_149,56.0,Male,Mumbai,Basic,2023-10-11
CUST00150,Customer_150,44.0,Female,Kolkata,Gold,2023-01-06
CUST00151,Customer_151,26.0,Female,Surat,Basic,2023-12-15
CUST00152,Customer_152,32.0,Male,Delhi,Basic,2023-02-28
CUST00153,Customer_153,,Male,Kolkata,Basic,2023-12-16
CUST00154,Customer_154,43.0,Female,Kolkata,Silver,2023-10-02
CUST00155,Customer_155,59.0,Male,Delhi,Platinum,2023-05-17
CUST00156,Customer_156,30.0,Female,Kolkata,Silver,2023-11-25
CUST00157,Customer_157,68.0,Female,Chennai,Basic,2023-06-24
CUST00158,Customer_158,49.0,Female,Mumbai,Silver,2023-02-27
CUST00159,Customer_159,56.0,Male,Bangalore,Basic,2023-05-31
CUST00160,Customer_160,66.0,Female,Mumbai,Gold,2023-08-11
CUST00161,Customer_161,69.0,Female,Kolkata,Silver,2023-03-22
CUST00162,Customer_162,49.0,Female,Chennai,Basic,2023-08-21
CUST00163,Customer_163,21.0,Female,Pune,Silver,2023-01-02
CUST00164,Customer_164,47.0,Female,Kolkata,Silver,2023-05-15
CUST00165,Customer_165,54.0,Female,Surat,Basic,2023-09-14
CUST00166,Customer_166,40.0,Male,Chennai,Silver,2023-04-02
CUST00167,Customer_167,56.0,Female,Delhi,Basic,2023-09-17
CUST00168,Customer_168,62.0,Female,Chennai,Silver,2023-02-24
CUST00169,Customer_169,32.0,Male,Delhi,Gold,2023-11-17
CUST00170,Customer_170,,Female,Ahmedabad,Gold,2023-06-02
CUST00171,Customer_171,46.0,Female,Bangalore,Silver,2023-11-24
CUST00172,Customer_172,53.0,Female,Jaipur,Silver,2023-09-17
CUST00173,Customer_173,30.0,Male,Chennai,Basic,2023-11-08
CUST00174,Customer_174,49.0,Male,Hyderabad,Silver,2023-04-12
CUST00175,Customer_175,24.0,Other,Surat,Basic,2023-03-20
CUST00176,Customer_176,68.0,Female,Kolkata,Basic,2023-07-11
CUST00177,Customer_177,39.0,Male,Surat,Basic,2023-03-24
CUST00178,Customer_178,45.0,Female,Mumbai,Basic,2023-10-04
CUST00179,Customer_179,19.0,Female,Jaipur,Silver,2023-09-29
CUST00180,Customer_180,59.0,Female,Mumbai,Basic,2023-01-01
CUST00181,Customer_181,62.0,Female,Ahmedabad,Silver,2023-11-03
CUST00182,Customer_182,23.0,Male,Jaipur,Basic,2023-06-15
CUST00183,Customer_183,45.0,Male,Jaipur,Basic,2023-09-08
CUST00184,Customer_184,45.0,Male,Mumbai,Silver,2023-01-10
CUST00185,Customer_185,61.0,Female,Delhi,Basic,2023-02-27
CUST00186,Customer_186,61.0,Male,Mumbai,Basic,2023-07-05
CUST00187,Customer_187,37.0,Male,Surat,Silver,2023-06-07
CUST00188,Customer_188,47.0,Male,Delhi,Basic,2023-05-03
CUST00189,Customer_189,28.0,Female,Surat,Gold,2023-01-30
CUST00190,Customer_190,45.0,Female,Ahmedabad,Basic,2023-05-04
CUST00191,Customer_191,42.0,Male,Kolkata,Basic,2023-10-18
CUST00192,Customer_192,56.0,Male,Pune,Silver,2023-02-10
CUST00193,Customer_193,50.0,Female,Delhi,Basic,2023-02-13
CUST00194,Customer_194,18.0,Male,Ahmedabad,Basic,2023-09-06
CUST00195,Customer_195,44.0,Male,Hyderabad,Basic,2023-02-05
CUST00196,Customer_196,69.0,Male,Ahmedabad,Basic,2023-09-30
CUST00197,Customer_197,30.0,Male,Mumbai,Gold,2023-03-06
CUST00198,Customer_198,58.0,Male,Mumbai,Basic,2023-03-07
CUST00199,Customer_199,20.0,Female,Pune,Silver,2023-12-04
CUST00200,Customer_200,56.0,Male,Ahmedabad,Gold,2023-09-01
CUST00201,Customer_201,23.0,Female,Bangalore,Basic,2023-10-09
CUST00202,Customer_202,25.0,Male,Kolkata,Gold,2023-03-26
CUST00203,Customer_203,44.0,Female,Mumbai,Basic,2023-05-16
CUST00204,Customer_204,26.0,Female,Pune,Platinum,2023-09-28
CUST00205,Customer_205,54.0,Male,Kolkata,Basic,2023-11-07
CUST00206,Customer_206,50.0,Female,Ahmedabad,Silver,2023-08-05
CUST00207,Customer_207,68.0,Male,Ahmedabad,Basic,2023-04-19
CUST00208,Customer_208,59.0,Other,Jaipur,Basic,2023-10-04
CUST00209,Customer_209,61.0,Male,Pune,Silver,2023-12-20
CUST00210,Customer_210,41.0,Male,Mumbai,Silver,2023-04-13
CUST00211,Customer_211,32.0,Male,Bangalore,Basic,2024-01-01
CUST00212,Customer_212,49.0,Other,Ahmedabad,Basic,2023-06-09
CUST00213,Customer_213,49.0,Female,Bangalore,Silver,2023-07-24
CUST00214,Customer_214,41.0,Female,Ahmedabad,Silver,2023-12-10
CUST00215,Customer_215,58.0,Male,Mumbai,Platinum,2023-11-29
CUST00216,Customer_216,69.0,Female,Kolkata,Silver,2023-07-11
CUST00217,Customer_217,66.0,Male,Chennai,Platinum,2023-08-13
CUST00218,Customer_218,66.0,Female,Kolkata,Silver,2023-09-22
CUST00219,Customer_219,69.0,Male,Ahmedabad,Basic,2023-08-20
CUST00220,Customer_220,29.0,Male,Surat,Basic,2023-03-03
CUST00221,Customer_221,56.0,Male,Chennai,Silver,2023-05-07
CUST00222,Customer_222,19.0,Male,Chennai,Silver,2023-04-26
CUST00223,Customer_223,20.0,Female,Bangalore,Basic,2023-02-02
CUST00224,Customer_224,66.0,Male,Pune,Basic,2023-06-23
CUST00225,Customer_225,54.0,Female,Bangalore,Platinum,2023-01-11
CUST00226,Customer_226,66.0,Male,Bangalore,Silver,2023-10-29
CUST00227,Customer_227,34.0,Female,Surat,Basic,2023-10-11
CUST00228,Customer_228,66.0,Male,Kolkata,Basic,2023-04-28
CUST00229,Customer_229,19.0,Male,Kolkata,Basic,2023-10-29
CUST00230,Customer_230,19.0,Female,Hyderabad,Basic,2023-04-23
CUST00231,Customer_231,,Male,Ahmedabad,Basic,2023-01-04
CUST00232,Customer_232,40.0,Male,Surat,Basic,2023-02-06
CUST00233,Customer_233,54.0,Female,Hyderabad,Silver,2023-12-29
CUST00234,Customer_234,49.0,Female,Mumbai,Basic,2023-11-20
CUST00235,Customer_235,50.0,Male,Ahmedabad,Gold,2023-01-31
CUST00236,Customer_236,18.0,Male,Ahmedabad,Gold,2023-04-28
CUST00237,Customer_237,36.0,Female,Jaipur,Basic,2023-02-04
CUST00238,Customer_238,19.0,Male,Jaipur,Silver,2023-01-17
CUST00239,Customer_239,61.0,Male,Delhi,Basic,2023-06-19
CUST00240,Customer_240,43.0,Male,Delhi,Gold,2023-02-06
CUST00241,Customer_241,49.0,Female,Bangalore,Basic,2023-09-21
CUST00242,Customer_242,23.0,Female,Mumbai,Silver,2023-05-02
CUST00243,Customer_243,49.0,Male,Chennai,Silver,2023-05-23
CUST00244,Customer_244,21.0,Male,Chennai,Basic,2023-12-09
CUST00245,Customer_245,28.0,Male,Jaipur,Basic,2023-09-06
CUST00246,Customer_246,34.0,Female,Jaipur,Silver,2023-04-20
CUST00247,Customer_247,55.0,Male,Jaipur,Silver,2023-10-04
CUST00248,Customer_248,41.0,Male,Surat,Basic,2023-03-09
CUST00249,Customer_249,22.0,Female,Pune,Silver,2023-10-20
CUST00250,Customer_250,69.0,Male,Delhi,Basic,2023-10-23
CUST00251,Customer_251,51.0,Female,Surat,Silver,2023-08-31
CUST00252,Customer_252,23.0,Male,Kolkata,Basic,2023-05-05
CUST00253,Customer_253,39.0,Male,Chennai,Gold,2023-08-31
CUST00254,Customer_254,28.0,Male,Ahmedabad,Basic,2023-07-28
CUST00255,Customer_255,65.0,Female,Delhi,Basic,2023-04-08
CUST00256,Customer_256,33.0,Female,Hyderabad,Basic,2023-02-18
CUST00257,Customer_257,50.0,Female,Kolkata,Basic,2023-02-19
CUST00258,Customer_258,26.0,Male,Delhi,Silver,2023-12-04
CUST00259,Customer_259,23.0,Female,Surat,Basic,2023-08-09
CUST00260,Customer_260,33.0,Male,Mumbai,Gold,2023-07-01
CUST00261,Customer_261,46.0,Male,Ahmedabad,Basic,2023-08-05
CUST00262,Customer_262,20.0,Female,Delhi,Basic,2023-07-30
CUST00263,Customer_263,37.0,Male,Pune,Basic,2023-08-28
CUST00264,Customer_264,53.0,Male,Jaipur,Basic,2023-01-28
CUST00265,Customer_265,36.0,Male,Jaipur,Basic,2023-12-11
CUST00266,Customer_266,43.0,Male,Ahmedabad,Basic,2023-12-01
CUST00267,Customer_267,20.0,Male,Surat,Basic,2023-11-27
CUST00268,Customer_268,36.0,Female,Jaipur,Basic,2023-02-20
CUST00269,Customer_269,37.0,Male,Delhi,Silver,2023-02-01
CUST00270,Customer_270,49.0,Female,Hyderabad,Silver,2023-07-26
CUST00271,Customer_271,24.0,Female,Chennai,Basic,2023-06-23
CUST00272,Customer_272,69.0,Male,Chennai,Basic,2023-02-25
CUST00273,Customer_273,,Male,Kolkata,Platinum,2023-05-08
CUST00274,Customer_274,50.0,Male,Bangalore,Silver,2023-04-09
CUST00275,Customer_275,57.0,Female,Mumbai,Silver,2023-04-08
CUST00276,Customer_276,56.0,Male,Ahmedabad,Basic,2023-10-02
CUST00277,Customer_277,35.0,Female,Kolkata,Silver,2023-08-18
CUST00278,Customer_278,57.0,Male,Bangalore,Silver,2023-03-13
CUST00279,Customer_279,18.0,Female,,Silver,2023-08-05
CUST00280,Customer_280,28.0,Male,Pune,Platinum,2023-04-04
CUST00281,Customer_281,45.0,Male,Pune,Basic,2023-05-23
CUST00282,Customer_282,42.0,Female,Mumbai,Basic,2023-08-25
CUST00283,Customer_283,67.0,Female,Jaipur,Silver,2023-05-08
CUST00284,Customer_284,40.0,Male,Delhi,Gold,2023-02-08
CUST00285,Customer_285,48.0,Female,Kolkata,Basic,2023-08-15
CUST00286,Customer_286,47.0,Female,Kolkata,Basic,2023-10-09
CUST00287,Customer_287,59.0,Female,Ahmedabad,Basic,2023-02-20
CUST00288,Customer_288,52.0,Female,Ahmedabad,Basic,2023-01-26
CUST00289,Customer_289,24.0,Male,Pune,Silver,2023-11-30
CUST00290,Customer_290,33.0,Male,Pune,Silver,2023-10-04
CUST00291,Customer_291,43.0,Male,Hyderabad,Basic,2023-01-08
CUST00292,Customer_292,65.0,Female,Hyderabad,Basic,2023-02-17
CUST00293,Customer_293,69.0,Female,Jaipur,Basic,2023-05-02
CUST00294,Customer_294,66.0,Male,Hyderabad,Basic,2023-03-27
CUST00295,Customer_295,19.0,Male,Delhi,Silver,2023-07-28
CUST00296,Customer_296,18.0,Female,,Platinum,2023-09-06
CUST00297,Customer_297,65.0,Other,Kolkata,Gold,2023-09-04
CUST00298,Customer_298,29.0,Female,Chennai,Basic,2023-04-20
CUST00299,Customer_299,22.0,Male,Delhi,Gold,2023-07-25
CUST00300,Customer_300,54.0,Male,Bangalore,Silver,2023-01-31
CUST00301,Customer_301,49.0,Male,Pune,Silver,2023-03-26
CUST00302,Customer_302,26.0,Female,Ahmedabad,Basic,2023-07-14
CUST00303,Customer_303,58.0,Male,Hyderabad,Basic,2023-01-02
CUST00304,Customer_304,52.0,Female,Kolkata,Basic,2023-07-19
CUST00305,Customer_305,36.0,Male,Mumbai,Basic,2023-05-16
CUST00306,Customer_306,65.0,Female,Ahmedabad,Basic,2023-08-21
CUST00307,Customer_307,33.0,Female,Bangalore,Basic,2023-05-27
CUST00308,Customer_308,20.0,Female,Hyderabad,Basic,2023-08-05
CUST00309,Customer_309,37.0,Male,Bangalore,Silver,2023-12-23
CUST00310,Customer_310,41.0,Male,Pune,Basic,2023-10-12
CUST00311,Customer_311,50.0,Male,Pune,Basic,2023-12-05
CUST00312,Customer_312,41.0,Female,,Platinum,2023-09-07
CUST00313,Customer_313,69.0,Female,Kolkata,Gold,2023-03-21
CUST00314,Customer_314,28.0,Female,Ahmedabad,Silver,2023-04-08
CUST00315,Customer_315,,Female,Surat,Platinum,2023-06-01
CUST00316,Customer_316,25.0,Female,Surat,Silver,2023-04-22
CUST00317,Customer_317,53.0,Male,Ahmedabad,Platinum,2023-01-30
CUST00318,Customer_318,55.0,Female,Mumbai,Basic,2023-10-24
CUST00319,Customer_319,57.0,Male,Kolkata,Basic,2023-10-05
CUST00320,Customer_320,37.0,Male,Bangalore,Basic,2023-02-01
CUST00321,Customer_321,52.0,Female,Mumbai,Basic,2023-06-10
CUST00322,Customer_322,65.0,Male,Chennai,Basic,2023-01-30
CUST00323,Customer_323,42.0,Male,Ahmedabad,Silver,2023-01-26
CUST00324,Customer_324,52.0,Female,Bangalore,Silver,2023-10-27
CUST00325,Customer_325,42.0,Male,Surat,Silver,2023-09-02
CUST00326,Customer_326,46.0,Female,Delhi,Basic,2023-09-15
CUST00327,Customer_327,35.0,Male,Jaipur,Gold,2023-09-29
CUST00328,Customer_328,63.0,Male,Surat,Silver,2023-03-22
CUST00329,Customer_329,35.0,Male,Kolkata,Basic,2023-01-30
CUST00330,Customer_330,19.0,Male,Pune,Silver,2023-09-18
CUST00331,Customer_331,52.0,Female,Delhi,Basic,2023-02-11
CUST00332,Customer_332,33.0,Male,Jaipur,Basic,2023-04-06
CUST00333,Customer_333,58.0,Female,Jaipur,Gold,2023-02-05
CUST00334,Customer_334,53.0,Male,Chennai,Basic,2023-11-01
CUST00335,Customer_335,50.0,Female,Chennai,Basic,2023-02-04
CUST00336,Customer_336,21.0,Female,Hyderabad,Gold,2023-12-12
CUST00337,Customer_337,50.0,Female,Surat,Silver,2023-05-01
CUST00338,Customer_338,31.0,Male,Surat,Basic,2023-07-26
CUST00339,Customer_339,38.0,Male,Surat,Basic,2023-03-03
CUST00340,Customer_340,65.0,Male,Hyderabad,Basic,2023-10-19
CUST00341,Customer_341,37.0,Female,Mumbai,Silver,2023-05-07
CUST00342,Customer_342,25.0,Male,Jaipur,Basic,2023-10-24
CUST00343,Customer_343,24.0,Female,Delhi,Basic,2023-11-01
CUST00344,Customer_344,20.0,Female,Kolkata,Platinum,2023-01-21
CUST00345,Customer_345,34.0,Male,Jaipur,Silver,2023-11-14
CUST00346,Customer_346,50.0,Female,Chennai,Basic,2023-02-11
CUST00347,Customer_347,65.0,Male,Bangalore,Silver,2023-08-03
CUST00348,Customer_348,29.0,Male,Pune,Silver,2023-12-03
CUST00349,Customer_349,68.0,Female,Hyderabad,Basic,2023-10-26
CUST00350,Customer_350,39.0,Female,Ahmedabad,Basic,2023-10-17
CUST00351,Customer_351,39.0,Female,Bangalore,Gold,2023-09-25
CUST00352,Customer_352,63.0,Male,Kolkata,Basic,2023-06-11
CUST00353,Customer_353,47.0,Male,Surat,Silver,2023-05-14
CUST00354,Customer_354,55.0,Female,Chennai,Basic,2023-04-15
CUST00355,Customer_355,55.0,Female,Chennai,Basic,2023-12-09
CUST00356,Customer_356,62.0,Female,Chennai,Basic,2023-06-10
CUST00357,Customer_357,68.0,Male,Surat,Basic,2023-05-03
CUST00358,Customer_358,25.0,Female,Ahmedabad,Basic,2023-05-16
CUST00359,Customer_359,44.0,Male,Hyderabad,Basic,2023-07-22
CUST00360,Customer_360,44.0,Male,Bangalore,Gold,2023-03-09
CUST00361,Customer_361,51.0,Female,Surat,Platinum,2023-12-10
CUST00362,Customer_362,38.0,Male,Kolkata,Silver,2023-11-27
CUST00363,Customer_363,47.0,Female,Hyderabad,Gold,2023-06-03
CUST00364,Customer_364,50.0,Male,Kolkata,Basic,2023-08-23
CUST00365,Customer_365,45.0,Male,Hyderabad,Platinum,2023-06-11
CUST00366,Customer_366,64.0,Female,Ahmedabad,Basic,2023-02-07
CUST00367,Customer_367,50.0,Female,Pune,Platinum,2023-01-05
CUST00368,Customer_368,22.0,Female,Kolkata,Platinum,2023-08-23
CUST00369,Customer_369,65.0,Female,Surat,Silver,2023-11-15
CUST00370,Customer_370,36.0,Female,Hyderabad,Platinum,2023-10-16
CUST00371,Customer_371,21.0,Female,Chennai,Silver,2023-02-21
CUST00372,Customer_372,52.0,Female,Jaipur,Basic,2023-02-07
CUST00373,Customer_373,66.0,Male,Chennai,Basic,2023-10-03
CUST00374,Customer_374,34.0,Female,Mumbai,Silver,2023-04-20
CUST00375,Customer_375,61.0,Male,Pune,Basic,2023-09-17
CUST00376,Customer_376,45.0,Other,Pune,Silver,2023-05-16
CUST00377,Customer_377,47.0,Female,Chennai,Platinum,2023-03-09
CUST00378,Customer_378,46.0,Male,Bangalore,Basic,2023-06-28
CUST00379,Customer_379,63.0,Female,Ahmedabad,Silver,2023-02-05
CUST00380,Customer_380,23.0,Female,Kolkata,Gold,2023-05-06
CUST00381,Customer_381,52.0,Male,Surat,Gold,2023-07-09
CUST00382,Customer_382,58.0,Female,Pune,Platinum,2023-05-26
CUST00383,Customer_383,54.0,Female,Chennai,Silver,2023-03-22
CUST00384,Customer_384,41.0,Male,Chennai,Platinum,2023-08-13
CUST00385,Customer_385,46.0,Female,Ahmedabad,Silver,2023-10-06
CUST00386,Customer_386,66.0,Male,Ahmedabad,Basic,2023-12-27
CUST00387,Customer_387,63.0,Female,Delhi,Basic,2023-06-04
CUST00388,Customer_388,48.0,Other,Delhi,Silver,2023-11-10
CUST00389,Customer_389,52.0,Female,Bangalore,Basic,2023-12-01
CUST00390,Customer_390,50.0,Male,Bangalore,Silver,2023-09-28
CUST00391,Customer_391,69.0,Female,Mumbai,Silver,2023-01-05
CUST00392,Customer_392,38.0,Female,Bangalore,Basic,2023-12-08
CUST00393,Customer_393,49.0,Male,Hyderabad,Silver,2023-10-11
CUST00394,Customer_394,40.0,Female,Ahmedabad,Silver,2023-06-03
CUST00395,Customer_395,50.0,Male,Surat,Basic,2023-12-06
CUST00396,Customer_396,20.0,Female,Hyderabad,Basic,2023-02-23
CUST00397,Customer_397,35.0,Male,Kolkata,Basic,2023-03-10
CUST00398,Customer_398,42.0,Male,Chennai,Basic,2023-05-16
CUST00399,Customer_399,59.0,Male,Bangalore,Gold,2023-03-01
CUST00400,Customer_400,48.0,Female,Chennai,Basic,2023-02-24
CUST00401,Customer_401,20.0,Male,Pune,Silver,2023-10-11
CUST00402,Customer_402,57.0,Female,Mumbai,Basic,2023-03-21
CUST00403,Customer_403,63.0,Male,Pune,Basic,2023-05-20
CUST00404,Customer_404,41.0,Male,Mumbai,Gold,2023-05-25
CUST00405,Customer_405,67.0,Female,Delhi,Silver,2023-11-06
CUST00406,Customer_406,49.0,Female,Chennai,Basic,2023-04-18
CUST00407,Customer_407,64.0,Male,Mumbai,Basic,2023-06-25
CUST00408,Customer_408,39.0,Female,Jaipur,Basic,2023-04-15
CUST00409,Customer_409,40.0,Female,Hyderabad,Basic,2023-12-18
CUST00410,Customer_410,19.0,Female,Mumbai,Silver,2023-11-21
CUST00411,Customer_411,44.0,Male,Mumbai,Basic,2023-05-16
CUST00412,Customer_412,59.0,Male,Hyderabad,Basic,2023-09-16
CUST00413,Customer_413,19.0,Female,,Basic,2023-09-08
CUST00414,Customer_414,43.0,Male,Chennai,Gold,2023-05-09
CUST00415,Customer_415,34.0,Female,Hyderabad,Platinum,2023-01-27
CUST00416,Customer_416,57.0,Female,Pune,Basic,2023-02-17
CUST00417,Customer_417,50.0,Female,Jaipur,Silver,2023-11-21
CUST00418,Customer_418,26.0,Female,Surat,Basic,2023-08-05
CUST00419,Customer_419,60.0,Other,Kolkata,Basic,2023-05-22
CUST00420,Customer_420,65.0,Male,Jaipur,Silver,2023-01-23
CUST00421,Customer_421,56.0,Female,Chennai,Gold,2023-01-02
CUST00422,Customer_422,46.0,Male,Surat,Platinum,2023-06-20
CUST00423,Customer_423,59.0,Male,Delhi,Silver,2023-03-08
CUST00424,Customer_424,43.0,Female,Bangalore,Basic,2023-11-23
CUST00425,Customer_425,52.0,Female,Mumbai,Silver,2023-05-15
CUST00426,Customer_426,67.0,Other,Hyderabad,Basic,2023-03-24
CUST00427,Customer_427,42.0,Female,Hyderabad,Silver,2023-08-15
CUST00428,Customer_428,41.0,Male,Mumbai,Basic,2023-10-10
CUST00429,Customer_429,30.0,Male,Bangalore,Silver,2023-12-28
CUST00430,Customer_430,24.0,Female,Kolkata,Basic,2023-08-07
CUST00431,Customer_431,53.0,Male,Bangalore,Basic,2023-10-15
CUST00432,Customer_432,62.0,Male,Surat,Gold,2023-01-05
CUST00433,Customer_433,37.0,Male,Bangalore,Basic,2023-02-27
CUST00434,Customer_434,18.0,Male,Surat,Silver,2023-02-08
CUST00435,Customer_435,25.0,Male,Bangalore,Basic,2023-12-20
CUST00436,Customer_436,,Male,Kolkata,Basic,2023-03-18
CUST00437,Customer_437,33.0,Male,Kolkata,Basic,2023-10-07
CUST00438,Customer_438,31.0,Male,Chennai,Basic,2023-01-19
CUST00439,Customer_439,29.0,Other,Mumbai,Gold,2023-07-09
CUST00440,Customer_440,68.0,Male,Kolkata,Basic,2023-10-26
CUST00441,Customer_441,40.0,Male,Surat,Platinum,2023-10-10
CUST00442,Customer_442,32.0,Female,Kolkata,Silver,2023-03-17
CUST00443,Customer_443,45.0,Male,Chennai,Basic,2023-08-09
CUST00444,Customer_444,51.0,Female,Hyderabad,Silver,2023-03-07
CUST00445,Customer_445,19.0,Female,Surat,Silver,2023-01-22
CUST00446,Customer_446,49.0,Male,Chennai,Silver,2023-06-07
CUST00447,Customer_447,40.0,Male,Pune,Basic,2023-07-06
CUST00448,Customer_448,39.0,Female,Pune,Basic,2023-01-21
CUST00449,Customer_449,68.0,Female,,Gold,2023-07-03
CUST00450,Customer_450,42.0,Male,,Gold,2023-04-18
CUST00451,Customer_451,39.0,Female,Mumbai,Gold,2023-12-16
CUST00452,Customer_452,39.0,Male,Ahmedabad,Basic,2023-05-08
CUST00453,Customer_453,66.0,Other,Jaipur,Silver,2023-12-08
CUST00454,Customer_454,69.0,Male,Chennai,Basic,2023-02-22
CUST00455,Customer_455,59.0,Female,Hyderabad,Basic,2023-07-01
CUST00456,Customer_456,23.0,Female,Jaipur,Basic,2023-10-14
CUST00457,Customer_457,32.0,Female,Hyderabad,Silver,2023-07-28
CUST00458,Customer_458,60.0,Female,Jaipur,Basic,2023-11-14
CUST00459,Customer_459,54.0,Male,Chennai,Basic,2023-03-21
CUST00460,Customer_460,50.0,Male,Ahmedabad,Gold,2023-05-02
CUST00461,Customer_461,25.0,Male,Jaipur,Basic,2023-03-25
CUST00462,Customer_462,61.0,Male,Chennai,Basic,2023-04-01
CUST00463,Customer_463,61.0,Female,Kolkata,Basic,2023-07-31
CUST00464,Customer_464,22.0,Male,Ahmedabad,Gold,2023-01-13
CUST00465,Customer_465,56.0,Male,Surat,Silver,2023-04-02
CUST00466,Customer_466,21.0,Other,Hyderabad,Basic,2023-06-20
CUST00467,Customer_467,23.0,Female,Pune,Gold,2023-07-30
CUST00468,Customer_468,62.0,Female,Bangalore,Gold,2023-12-09
CUST00469,Customer_469,49.0,Other,Pune,Basic,2023-05-08
CUST00470,Customer_470,69.0,Male,Ahmedabad,Silver,2023-05-17
CUST00471,Customer_471,47.0,Male,Surat,Silver,2023-03-23
CUST00472,Customer_472,64.0,Female,Hyderabad,Silver,2023-12-26
CUST00473,Customer_473,52.0,Female,Surat,Basic,2023-02-25
CUST00474,Customer_474,57.0,Male,Jaipur,Gold,2023-07-15
CUST00475,Customer_475,69.0,Female,Hyderabad,Silver,2023-01-20
CUST00476,Customer_476,33.0,Male,Jaipur,Basic,2023-08-29
CUST00477,Customer_477,30.0,Male,Chennai,Basic,2023-04-24
CUST00478,Customer_478,67.0,Female,Ahmedabad,Basic,2023-04-13
CUST00479,Customer_479,59.0,Female,Chennai,Basic,2023-08-24
CUST00480,Customer_480,47.0,Female,,Silver,2023-06-29
CUST00481,Customer_481,36.0,Male,Surat,Basic,2023-06-06
CUST00482,Customer_482,34.0,Female,Jaipur,Basic,2023-04-27
CUST00483,Customer_483,36.0,Male,Kolkata,Silver,2023-04-25
CUST00484,Customer_484,45.0,Male,Chennai,Basic,2023-01-13
CUST00485,Customer_485,43.0,Female,Delhi,Platinum,2023-12-04
CUST00486,Customer_486,54.0,Female,Mumbai,Basic,2023-04-09
CUST00487,Customer_487,43.0,Female,Pune,Basic,2023-07-24
CUST00488,Customer_488,40.0,Female,Hyderabad,Basic,2023-06-18
CUST00489,Customer_489,26.0,Female,Delhi,Basic,2023-05-23
CUST00490,Customer_490,29.0,Female,Ahmedabad,Basic,2023-02-05
CUST00491,Customer_491,18.0,Male,Chennai,Silver,2023-05-23
CUST00492,Customer_492,18.0,Male,Ahmedabad,Platinum,2023-06-29
CUST00493,Customer_493,64.0,Male,Pune,Basic,2023-11-25
CUST00494,Customer_494,51.0,Male,Kolkata,Silver,2023-09-18
CUST00495,Customer_495,49.0,Female,Surat,Silver,2023-07-24
CUST00496,Customer_496,65.0,Female,Surat,Gold,2023-12-14
CUST00497,Customer_497,42.0,Male,Ahmedabad,Basic,2023-10-02
CUST00498,Customer_498,57.0,Male,Jaipur,Basic,2023-06-19
CUST00499,Customer_499,62.0,Female,Kolkata,Basic,2023-01-15
CUST00500,Customer_500,18.0,Male,Surat,Silver,2023-03-01
CUST00501,Customer_501,33.0,Female,Kolkata,Gold,2023-05-14
CUST00502,Customer_502,56.0,Female,Delhi,Basic,2023-04-02
CUST00503,Customer_503,22.0,Female,Kolkata,Basic,2023-10-25
CUST00504,Customer_504,39.0,Female,Bangalore,Gold,2023-05-16
CUST00505,Customer_505,46.0,Female,Pune,Gold,2023-01-20
CUST00506,Customer_506,20.0,Male,,Platinum,2023-02-25
CUST00507,Customer_507,29.0,Female,Kolkata,Silver,2023-11-02
CUST00508,Customer_508,43.0,Female,Ahmedabad,Basic,2023-08-11
CUST00509,Customer_509,33.0,Male,Mumbai,Silver,2023-06-26
CUST00510,Customer_510,68.0,Female,Bangalore,Silver,2023-06-10
CUST00511,Customer_511,54.0,Female,Bangalore,Basic,2023-08-12
CUST00512,Customer_512,39.0,Female,Jaipur,Silver,2023-11-07
CUST00513,Customer_513,46.0,Female,,Silver,2023-09-19
CUST00514,Customer_514,31.0,Female,Jaipur,Basic,2023-03-01
CUST00515,Customer_515,45.0,Female,Jaipur,Silver,2023-07-17
CUST00516,Customer_516,22.0,Female,Mumbai,Silver,2023-10-23
CUST00517,Customer_517,64.0,Female,Delhi,Platinum,2023-04-08
CUST00518,Customer_518,66.0,Female,Kolkata,Basic,2023-05-11
CUST00519,Customer_519,47.0,Female,Chennai,Basic,2023-01-23
CUST00520,Customer_520,63.0,Female,Surat,Silver,2023-12-29
CUST00521,Customer_521,69.0,Male,Jaipur,Basic,2023-08-12
CUST00522,Customer_522,22.0,Female,Pune,Silver,2023-01-01
CUST00523,Customer_523,29.0,Female,Hyderabad,Silver,2023-09-24
CUST00524,Customer_524,33.0,Male,Pune,Basic,2023-10-03
CUST00525,Customer_525,43.0,Female,Mumbai,Silver,2023-12-18
CUST00526,Customer_526,43.0,Male,Mumbai,Silver,2023-12-10
CUST00527,Customer_527,65.0,Male,Ahmedabad,Basic,2023-04-11
CUST00528,Customer_528,38.0,Female,Delhi,Gold,2023-07-06
CUST00529,Customer_529,56.0,Male,Surat,Gold,2023-08-09
CUST00530,Customer_530,53.0,Female,Jaipur,Silver,2023-02-05
CUST00531,Customer_531,50.0,Female,Pune,Silver,2023-12-07
CUST00532,Customer_532,47.0,Female,Hyderabad,Basic,2023-06-19
CUST00533,Customer_533,54.0,Male,Mumbai,Gold,2023-11-16
CUST00534,Customer_534,40.0,Male,Mumbai,Silver,2023-06-10
CUST00535,Customer_535,27.0,Female,Delhi,Silver,2023-12-06
CUST00536,Customer_536,22.0,Other,Hyderabad,Gold,2023-03-05
CUST00537,Customer_537,53.0,Female,Hyderabad,Basic,2023-06-03
CUST00538,Customer_538,51.0,Male,Delhi,Gold,2023-09-17
CUST00539,Customer_539,69.0,Female,Mumbai,Basic,2023-06-08
CUST00540,Customer_540,48.0,Female,Surat,Basic,2023-12-08
CUST00541,Customer_541,27.0,Female,Kolkata,Basic,2023-07-29
CUST00542,Customer_542,36.0,Male,Kolkata,Platinum,2023-06-17
CUST00543,Customer_543,49.0,Female,Delhi,Gold,2023-07-26
CUST00544,Customer_544,18.0,Female,Hyderabad,Silver,2023-12-23
CUST00545,Customer_545,22.0,Other,Jaipur,Silver,2023-06-01
CUST00546,Customer_546,62.0,Male,Delhi,Silver,2023-10-11
CUST00547,Customer_547,21.0,Female,Surat,Gold,2023-03-07
CUST00548,Customer_548,33.0,Female,Delhi,Basic,2023-04-09
CUST00549,Customer_549,41.0,Male,Bangalore,Basic,2023-08-04
CUST00550,Customer_550,33.0,Female,Pune,Basic,2023-12-07
CUST00551,Customer_551,19.0,Female,Hyderabad,Silver,2023-07-14
CUST00552,Customer_552,66.0,Male,Ahmedabad,Silver,2023-12-13
CUST00553,Customer_553,45.0,Male,,Basic,2023-03-31
CUST00554,Customer_554,49.0,Female,Hyderabad,Basic,2023-11-12
CUST00555,Customer_555,44.0,Male,Surat,Gold,2023-10-19
CUST00556,Customer_556,37.0,Female,Bangalore,Basic,2023-06-04
CUST00557,Customer_557,41.0,Male,Bangalore,Silver,2023-07-27
CUST00558,Customer_558,,Female,Mumbai,Platinum,2023-10-08
CUST00559,Customer_559,67.0,Male,Pune,Basic,2023-01-01
CUST00560,Customer_560,52.0,Female,Kolkata,Basic,2023-06-05
CUST00561,Customer_561,50.0,Other,Chennai,Silver,2023-05-27
CUST00562,Customer_562,50.0,Other,Surat,Gold,2023-04-18
CUST00563,Customer_563,68.0,Female,Chennai,Silver,2023-08-09
CUST00564,Customer_564,60.0,Male,Chennai,Platinum,2023-10-24
CUST00565,Customer_565,54.0,Female,Hyderabad,Basic,2023-11-07
CUST00566,Customer_566,29.0,Male,Ahmedabad,Silver,2023-12-02
CUST00567,Customer_567,20.0,Male,Ahmedabad,Silver,2023-06-14
CUST00568,Customer_568,18.0,Male,Kolkata,Gold,2023-08-27
CUST00569,Customer_569,50.0,Female,Hyderabad,Basic,2023-08-15
CUST00570,Customer_570,57.0,Female,Chennai,Gold,2023-08-15
CUST00571,Customer_571,27.0,Female,Jaipur,Silver,2023-12-12
CUST00572,Customer_572,60.0,Male,Ahmedabad,Basic,2023-04-20
CUST00573,Customer_573,61.0,Male,Surat,Basic,2023-09-19
CUST00574,Customer_574,46.0,Other,Surat,Gold,2023-08-31
CUST00575,Customer_575,30.0,Male,Mumbai,Basic,2023-03-28
CUST00576,Customer_576,29.0,Male,Delhi,Basic,2023-12-04
CUST00577,Customer_577,48.0,Male,Jaipur,Basic,2023-02-13
CUST00578,Customer_578,63.0,Female,Ahmedabad,Gold,2023-05-26
CUST00579,Customer_579,19.0,Female,Bangalore,Silver,2023-09-21
CUST00580,Customer_580,68.0,Male,Ahmedabad,Silver,2023-12-06
CUST00581,Customer_581,67.0,Male,Mumbai,Basic,2023-11-21
CUST00582,Customer_582,52.0,Female,Surat,Silver,2023-11-14
CUST00583,Customer_583,,Female,Chennai,Silver,2023-06-21
CUST00584,Customer_584,34.0,Male,Bangalore,Gold,2023-02-17
CUST00585,Customer_585,43.0,Female,Hyderabad,Gold,2023-05-01
CUST00586,Customer_586,25.0,Male,Pune,Basic,2023-12-11
CUST00587,Customer_587,46.0,Male,Chennai,Silver,2023-06-08
CUST00588,Customer_588,43.0,Female,Pune,Basic,2023-04-26
CUST00589,Customer_589,27.0,Male,Jaipur,Silver,2023-04-12
CUST00590,Customer_590,43.0,Female,Delhi,Basic,2023-03-17
CUST00591,Customer_591,51.0,Male,Bangalore,Basic,2023-01-13
CUST00592,Customer_592,68.0,Male,Kolkata,Basic,2023-01-24
CUST00593,Customer_593,58.0,Other,Bangalore,Silver,2023-05-06
CUST00594,Customer_594,24.0,Male,Ahmedabad,Basic,2023-09-01
CUST00595,Customer_595,21.0,Female,Surat,Silver,2023-11-09
CUST00596,Customer_596,67.0,Male,Ahmedabad,Basic,2023-02-07
CUST00597,Customer_597,62.0,Male,Ahmedabad,Basic,2023-08-22
CUST00598,Customer_598,28.0,Male,Jaipur,Silver,2023-08-01
CUST00599,Customer_599,46.0,Female,Chennai,Basic,2023-11-19
CUST00600,Customer_600,53.0,Male,Kolkata,Basic,2023-10-22
CUST00601,Customer_601,42.0,Female,Kolkata,Silver,2023-04-10
CUST00602,Customer_602,38.0,Male,Ahmedabad,Basic,2023-12-23
CUST00603,Customer_603,53.0,Other,Pune,Basic,2023-07-16
CUST00604,Customer_604,27.0,Male,Jaipur,Basic,2023-09-11
CUST00605,Customer_605,54.0,Female,Ahmedabad,Gold,2023-07-24
CUST00606,Customer_606,26.0,Female,Delhi,Silver,2023-05-05
CUST00607,Customer_607,41.0,Female,Surat,Silver,2023-03-17
CUST00608,Customer_608,52.0,Female,Chennai,Silver,2023-12-02
CUST00609,Customer_609,66.0,Female,Hyderabad,Basic,2023-12-19
CUST00610,Customer_610,,Female,Delhi,Basic,2023-01-03
CUST00611,Customer_611,65.0,Male,Pune,Silver,2023-02-24
CUST00612,Customer_612,53.0,Male,Bangalore,Basic,2023-08-06
CUST00613,Customer_613,35.0,Female,Bangalore,Basic,2023-04-23
CUST00614,Customer_614,66.0,Female,Delhi,Basic,2023-04-01
CUST00615,Customer_615,56.0,Female,Ahmedabad,Basic,2023-12-23
CUST00616,Customer_616,49.0,Female,Hyderabad,Platinum,2023-09-23
CUST00617,Customer_617,41.0,Male,Mumbai,Basic,2023-08-26
CUST00618,Customer_618,40.0,Male,Mumbai,Silver,2023-01-26
CUST00619,Customer_619,49.0,Female,Pune,Basic,2023-10-13
CUST00620,Customer_620,54.0,Male,Ahmedabad,Platinum,2023-05-08
CUST00621,Customer_621,29.0,Male,Kolkata,Basic,2023-03-04
CUST00622,Customer_622,66.0,Female,Kolkata,Basic,2023-08-22
CUST00623,Customer_623,30.0,Male,Chennai,Silver,2023-03-10
CUST00624,Customer_624,40.0,Female,Hyderabad,Silver,2023-08-26
CUST00625,Customer_625,42.0,Male,Hyderabad,Basic,2023-12-08
CUST00626,Customer_626,52.0,Female,Bangalore,Basic,2023-09-29
CUST00627,Customer_627,58.0,Male,Jaipur,Basic,2023-10-14
CUST00628,Customer_628,47.0,Male,Pune,Basic,2023-11-01
CUST00629,Customer_629,34.0,Male,Mumbai,Basic,2023-06-12
CUST00630,Customer_630,66.0,Male,Pune,Basic,2023-08-15
CUST00631,Customer_631,37.0,Male,Kolkata,Basic,2023-11-10
CUST00632,Customer_632,65.0,Male,Kolkata,Basic,2023-09-16
CUST00633,Customer_633,42.0,Female,Delhi,Silver,2023-08-07
CUST00634,Customer_634,39.0,Male,Chennai,Platinum,2023-10-08
CUST00635,Customer_635,30.0,Female,Hyderabad,Silver,2023-08-17
CUST00636,Customer_636,36.0,Female,Surat,Basic,2023-03-23
CUST00637,Customer_637,66.0,Female,Pune,Basic,2023-09-01
CUST00638,Customer_638,53.0,Male,Kolkata,Platinum,2023-08-19
CUST00639,Customer_639,29.0,Female,Jaipur,Basic,2023-05-13
CUST00640,Customer_640,58.0,Male,Bangalore,Basic,2023-05-07
CUST00641,Customer_641,36.0,Male,Mumbai,Silver,2023-11-23
CUST00642,Customer_642,29.0,Other,Chennai,Silver,2023-05-22
CUST00643,Customer_643,26.0,Male,Jaipur,Silver,2023-09-24
CUST00644,Customer_644,24.0,Female,Chennai,Basic,2023-09-06
CUST00645,Customer_645,45.0,Female,Delhi,Basic,2023-11-17
CUST00646,Customer_646,31.0,Female,Surat,Platinum,2023-05-03
CUST00647,Customer_647,48.0,Female,Kolkata,Basic,2023-05-21
CUST00648,Customer_648,69.0,Male,Bangalore,Silver,2023-08-14
CUST00649,Customer_649,36.0,Male,Jaipur,Silver,2023-02-09
CUST00650,Customer_650,64.0,Female,Chennai,Silver,2024-01-01
CUST00651,Customer_651,33.0,Male,Hyderabad,Basic,2023-05-27
CUST00652,Customer_652,22.0,Male,Delhi,Basic,2023-05-01
CUST00653,Customer_653,52.0,Male,Hyderabad,Silver,2023-05-20
CUST00654,Customer_654,29.0,Male,Bangalore,Gold,2023-06-21
CUST00655,Customer_655,42.0,Male,Jaipur,Gold,2023-06-13
CUST00656,Customer_656,69.0,Male,Delhi,Basic,2023-10-04
CUST00657,Customer_657,38.0,Female,Jaipur,Basic,2023-02-11
CUST00658,Customer_658,53.0,Female,Kolkata,Gold,2023-03-12
CUST00659,Customer_659,40.0,Female,Ahmedabad,Silver,2023-03-19
CUST00660,Customer_660,33.0,Male,Delhi,Gold,2023-04-29
CUST00661,Customer_661,56.0,Male,Hyderabad,Basic,2023-07-16
CUST00662,Customer_662,62.0,Male,Bangalore,Silver,2023-12-22
CUST00663,Customer_663,59.0,Female,Surat,Silver,2023-03-20
CUST00664,Customer_664,,Female,Kolkata,Silver,2023-12-28
CUST00665,Customer_665,31.0,Male,Ahmedabad,Basic,2023-04-20
CUST00666,Customer_666,48.0,Female,Surat,Basic,2023-02-02
CUST00667,Customer_667,22.0,Male,Mumbai,Silver,2023-08-01
CUST00668,Customer_668,52.0,Female,Kolkata,Basic,2023-07-28
CUST00669,Customer_669,40.0,Female,Bangalore,Basic,2023-06-19
CUST00670,Customer_670,46.0,Female,Chennai,Platinum,2023-10-05
CUST00671,Customer_671,60.0,Female,Delhi,Basic,2023-08-27
CUST00672,Customer_672,28.0,Female,Jaipur,Gold,2023-08-01
CUST00673,Customer_673,35.0,Male,Bangalore,Basic,2023-02-01
CUST00674,Customer_674,64.0,Female,Delhi,Silver,2023-04-16
CUST00675,Customer_675,29.0,Male,Surat,Platinum,2023-08-04
CUST00676,Customer_676,26.0,Female,Jaipur,Basic,2023-07-19
CUST00677,Customer_677,27.0,Female,Pune,Basic,2023-10-27
CUST00678,Customer_678,61.0,Female,Hyderabad,Basic,2023-12-23
CUST00679,Customer_679,34.0,Male,Mumbai,Basic,2023-01-11
CUST00680,Customer_680,55.0,Female,Kolkata,Silver,2023-10-22
CUST00681,Customer_681,24.0,Female,Bangalore,Gold,2023-07-14
CUST00682,Customer_682,63.0,Female,Mumbai,Basic,2023-09-02
CUST00683,Customer_683,30.0,Male,Chennai,Basic,2023-01-04
CUST00684,Customer_684,57.0,Male,Delhi,Basic,2023-06-30
CUST00685,Customer_685,59.0,Male,Delhi,Silver,2023-06-02
CUST00686,Customer_686,26.0,Male,Bangalore,Basic,2023-07-19
CUST00687,Customer_687,67.0,Female,Ahmedabad,Silver,2023-08-03
CUST00688,Customer_688,44.0,Male,Ahmedabad,Silver,2023-10-03
CUST00689,Customer_689,19.0,Other,Pune,Silver,2023-10-07
CUST00690,Customer_690,22.0,Male,Hyderabad,Basic,2023-11-05
CUST00691,Customer_691,46.0,Male,Jaipur,Silver,2023-04-23
CUST00692,Customer_692,54.0,Female,Chennai,Basic,2023-09-07
CUST00693,Customer_693,55.0,Female,Mumbai,Basic,2023-04-23
CUST00694,Customer_694,36.0,Female,Ahmedabad,Gold,2023-05-20
CUST00695,Customer_695,25.0,Female,Pune,Silver,2023-08-12
CUST00696,Customer_696,65.0,Female,Pune,Basic,2023-09-06
CUST00697,Customer_697,62.0,Male,Bangalore,Basic,2023-01-15
CUST00698,Customer_698,18.0,Other,Chennai,Basic,2023-07-19
CUST00699,Customer_699,39.0,Other,Surat,Basic,2023-06-22
CUST00700,Customer_700,69.0,Female,Jaipur,Basic,2023-12-09
CUST00701,Customer_701,34.0,Male,Hyderabad,Basic,2023-12-14
CUST00702,Customer_702,24.0,Female,Kolkata,Basic,2023-07-27
CUST00703,Customer_703,42.0,Male,Bangalore,Silver,2023-03-26
CUST00704,Customer_704,62.0,Male,Jaipur,Silver,2023-08-28
CUST00705,Customer_705,21.0,Male,Kolkata,Silver,2023-03-07
CUST00706,Customer_706,53.0,Male,,Basic,2023-11-15
CUST00707,Customer_707,23.0,Female,Chennai,Platinum,2023-10-01
CUST00708,Customer_708,48.0,Female,Chennai,Gold,2023-01-14
CUST00709,Customer_709,36.0,Female,Mumbai,Gold,2023-07-21
CUST00710,Customer_710,61.0,Male,Pune,Gold,2023-10-31
CUST00711,Customer_711,56.0,Male,Jaipur,Gold,2023-10-16
CUST00712,Customer_712,44.0,Male,Bangalore,Silver,2023-12-06
CUST00713,Customer_713,27.0,Other,Delhi,Basic,2023-01-14
CUST00714,Customer_714,43.0,Male,Bangalore,Silver,2023-02-12
CUST00715,Customer_715,36.0,Female,Mumbai,Silver,2023-11-26
CUST00716,Customer_716,56.0,Female,Hyderabad,Silver,2023-08-08
CUST00717,Customer_717,20.0,Male,,Silver,2023-03-11
CUST00718,Customer_718,62.0,Female,Delhi,Basic,2023-08-25
CUST00719,Customer_719,30.0,Female,Ahmedabad,Basic,2023-04-04
CUST00720,Customer_720,67.0,Female,Hyderabad,Gold,2023-01-26
CUST00721,Customer_721,45.0,Female,Chennai,Silver,2023-05-14
CUST00722,Customer_722,37.0,Male,Kolkata,Silver,2023-07-14
CUST00723,Customer_723,45.0,Male,Ahmedabad,Basic,2023-06-17
CUST00724,Customer_724,25.0,Female,Bangalore,Basic,2023-04-19
CUST00725,Customer_725,58.0,Female,Bangalore,Gold,2023-08-21
CUST00726,Customer_726,56.0,Male,Chennai,Silver,2023-06-17
CUST00727,Customer_727,18.0,Female,Mumbai,Silver,2023-06-22
CUST00728,Customer_728,20.0,Female,Jaipur,Basic,2023-07-14
CUST00729,Customer_729,30.0,Female,Ahmedabad,Silver,2023-05-23
CUST00730,Customer_730,45.0,Male,Ahmedabad,Basic,2023-08-04
CUST00731,Customer_731,66.0,Female,Surat,Silver,2023-05-10
CUST00732,Customer_732,42.0,Female,Hyderabad,Basic,2023-02-11
CUST00733,Customer_733,50.0,Male,Pune,Basic,2023-08-29
CUST00734,Customer_734,55.0,Male,Hyderabad,Silver,2023-01-10
CUST00735,Customer_735,23.0,Other,Jaipur,Gold,2023-10-04
CUST00736,Customer_736,61.0,Male,Bangalore,Basic,2023-01-27
CUST00737,Customer_737,62.0,Female,Bangalore,Gold,2023-06-29
CUST00738,Customer_738,49.0,Female,Bangalore,Basic,2023-04-25
CUST00739,Customer_739,62.0,Male,Surat,Basic,2023-11-29
CUST00740,Customer_740,64.0,Female,Bangalore,Basic,2023-02-05
CUST00741,Customer_741,38.0,Male,Jaipur,Basic,2023-11-30
CUST00742,Customer_742,33.0,Female,Chennai,Silver,2023-01-21
CUST00743,Customer_743,38.0,Male,Pune,Basic,2023-01-16
CUST00744,Customer_744,28.0,Female,Jaipur,Basic,2023-05-07
CUST00745,Customer_745,54.0,Male,Pune,Gold,2023-04-13
CUST00746,Customer_746,53.0,Male,Jaipur,Basic,2023-01-11
CUST00747,Customer_747,52.0,Other,Bangalore,Silver,2023-11-15
CUST00748,Customer_748,36.0,Male,Chennai,Basic,2023-03-20
CUST00749,Customer_749,37.0,Female,Ahmedabad,Silver,2023-05-03
CUST00750,Customer_750,35.0,Male,Hyderabad,Basic,2023-03-06
CUST00751,Customer_751,64.0,Female,Kolkata,Basic,2023-08-31
CUST00752,Customer_752,58.0,Male,Chennai,Basic,2023-12-09
CUST00753,Customer_753,66.0,Other,Ahmedabad,Basic,2023-02-28
CUST00754,Customer_754,31.0,Male,Mumbai,Basic,2023-10-16
CUST00755,Customer_755,32.0,Male,Jaipur,Silver,2023-04-22
CUST00756,Customer_756,48.0,Male,Mumbai,Gold,2023-08-27
CUST00757,Customer_757,18.0,Male,Ahmedabad,Gold,2023-12-25
CUST00758,Customer_758,20.0,Female,Chennai,Silver,2023-05-12
CUST00759,Customer_759,33.0,Male,Jaipur,Basic,2023-07-08
CUST00760,Customer_760,40.0,Female,Kolkata,Basic,2023-03-27
CUST00761,Customer_761,28.0,Male,Bangalore,Basic,2023-11-07
CUST00762,Customer_762,29.0,Male,Jaipur,Basic,2023-11-07
CUST00763,Customer_763,27.0,Female,Jaipur,Silver,2023-02-28
CUST00764,Customer_764,49.0,Female,Chennai,Silver,2023-03-25
CUST00765,Customer_765,33.0,Male,Chennai,Basic,2023-06-09
CUST00766,Customer_766,25.0,Male,Ahmedabad,Basic,2023-02-25
CUST00767,Customer_767,,Male,Delhi,Gold,2023-10-24
CUST00768,Customer_768,29.0,Female,Jaipur,Silver,2023-01-14
CUST00769,Customer_769,41.0,Female,Hyderabad,Basic,2023-06-09
CUST00770,Customer_770,45.0,Male,Jaipur,Gold,2023-10-22
CUST00771,Customer_771,25.0,Female,Ahmedabad,Platinum,2023-12-13
CUST00772,Customer_772,45.0,Female,Pune,Basic,2023-07-12
CUST00773,Customer_773,53.0,Female,Mumbai,Basic,2023-07-23
CUST00774,Customer_774,43.0,Female,Bangalore,Silver,2023-04-12
CUST00775,Customer_775,25.0,Male,Delhi,Gold,2023-02-08
CUST00776,Customer_776,67.0,Male,Kolkata,Gold,2023-10-31
CUST00777,Customer_777,45.0,Male,Kolkata,Basic,2023-12-20
CUST00778,Customer_778,45.0,Male,Kolkata,Basic,2023-11-18
CUST00779,Customer_779,54.0,Female,Chennai,Silver,2023-05-05
CUST00780,Customer_780,58.0,Female,Kolkata,Silver,2023-02-22
CUST00781,Customer_781,53.0,Male,Bangalore,Basic,2023-12-23
CUST00782,Customer_782,44.0,Male,Mumbai,Gold,2023-06-04
CUST00783,Customer_783,34.0,Male,Kolkata,Silver,2023-12-17
CUST00784,Customer_784,26.0,Female,Jaipur,Gold,2023-11-04
CUST00785,Customer_785,50.0,Male,Jaipur,Gold,2023-03-03
CUST00786,Customer_786,37.0,Female,Chennai,Silver,2023-10-17
CUST00787,Customer_787,30.0,Male,Bangalore,Basic,2023-01-22
CUST00788,Customer_788,45.0,Male,Mumbai,Silver,2023-06-27
CUST00789,Customer_789,65.0,Other,Delhi,Basic,2023-09-30
CUST00790,Customer_790,46.0,Other,Ahmedabad,Silver,2023-08-08
CUST00791,Customer_791,30.0,Male,Mumbai,Basic,2023-12-05
CUST00792,Customer_792,63.0,Female,Ahmedabad,Silver,2023-07-09
CUST00793,Customer_793,52.0,Female,Pune,Basic,2023-02-05
CUST00794,Customer_794,23.0,Female,Ahmedabad,Basic,2023-09-17
CUST00795,Customer_795,35.0,Male,Hyderabad,Basic,2023-11-28
CUST00796,Customer_796,68.0,Female,Jaipur,Basic,2023-06-24
CUST00797,Customer_797,22.0,Female,Bangalore,Silver,2023-01-07
CUST00798,Customer_798,64.0,Female,Surat,Silver,2023-08-04
CUST00799,Customer_799,42.0,Male,Chennai,Silver,2023-09-08
CUST00800,Customer_800,19.0,Male,Hyderabad,Basic,2023-02-24
CUST00801,Customer_801,27.0,Male,Ahmedabad,Basic,2023-08-10
CUST00802,Customer_802,47.0,Female,Kolkata,Basic,2023-07-05
CUST00803,Customer_803,67.0,Male,Bangalore,Basic,2023-11-22
CUST00804,Customer_804,62.0,Female,Hyderabad,Gold,2023-08-24
CUST00805,Customer_805,22.0,Other,Chennai,Basic,2023-12-29
CUST00806,Customer_806,50.0,Male,Jaipur,Basic,2023-03-20
CUST00807,Customer_807,18.0,Female,Bangalore,Basic,2023-08-11
CUST00808,Customer_808,35.0,Male,Chennai,Basic,2023-04-01
CUST00809,Customer_809,49.0,Female,Pune,Silver,2023-09-25
CUST00810,Customer_810,64.0,Male,Pune,Silver,2023-11-30
CUST00811,Customer_811,66.0,Female,Chennai,Basic,2023-05-19
CUST00812,Customer_812,,Female,Hyderabad,Basic,2023-11-12
CUST00813,Customer_813,38.0,Female,Bangalore,Basic,2023-10-03
CUST00814,Customer_814,43.0,Female,Hyderabad,Basic,2023-09-05
CUST00815,Customer_815,42.0,Female,Delhi,Basic,2023-08-27
CUST00816,Customer_816,39.0,Female,Ahmedabad,Platinum,2023-08-12
CUST00817,Customer_817,44.0,Female,Delhi,Silver,2023-10-31
CUST00818,Customer_818,66.0,Female,Pune,Silver,2023-05-18
CUST00819,Customer_819,30.0,Male,Jaipur,Basic,2023-06-15
CUST00820,Customer_820,50.0,Female,Mumbai,Basic,2023-05-06
CUST00821,Customer_821,51.0,Female,Ahmedabad,Silver,2023-02-14
CUST00822,Customer_822,58.0,Female,Pune,Silver,2023-05-23
CUST00823,Customer_823,52.0,Male,Hyderabad,Silver,2023-08-19
CUST00824,Customer_824,18.0,Female,Hyderabad,Basic,2023-05-05
CUST00825,Customer_825,38.0,Male,Hyderabad,Silver,2023-08-26
CUST00826,Customer_826,65.0,Female,Jaipur,Basic,2023-10-19
CUST00827,Customer_827,23.0,Male,Delhi,Gold,2023-11-09
CUST00828,Customer_828,45.0,Female,Mumbai,Silver,2023-12-09
CUST00829,Customer_829,34.0,Other,Hyderabad,Silver,2023-07-14
CUST00830,Customer_830,22.0,Male,Surat,Basic,2023-06-22
CUST00831,Customer_831,48.0,Other,Ahmedabad,Silver,2023-01-15
CUST00832,Customer_832,22.0,Male,Bangalore,Basic,2023-09-11
CUST00833,Customer_833,55.0,Female,Surat,Basic,2023-06-16
CUST00834,Customer_834,20.0,Female,Mumbai,Basic,2023-04-04
CUST00835,Customer_835,40.0,Female,Jaipur,Silver,2023-09-07
CUST00836,Customer_836,54.0,Female,Mumbai,Basic,2023-04-19
CUST00837,Customer_837,54.0,Female,Bangalore,Basic,2023-07-01
CUST00838,Customer_838,27.0,Male,Ahmedabad,Gold,2023-05-13
CUST00839,Customer_839,27.0,Male,Bangalore,Basic,2023-06-24
CUST00840,Customer_840,36.0,Female,Chennai,Silver,2023-05-24
CUST00841,Customer_841,34.0,Female,Ahmedabad,Basic,2023-11-02
CUST00842,Customer_842,38.0,Female,Mumbai,Basic,2023-12-26
CUST00843,Customer_843,31.0,Female,Hyderabad,Silver,2023-05-22
CUST00844,Customer_844,26.0,Male,Mumbai,Basic,2023-10-12
CUST00845,Customer_845,,Female,Mumbai,Basic,2023-01-06
CUST00846,Customer_846,18.0,Male,Ahmedabad,Silver,2023-09-22
CUST00847,Customer_847,,Female,Chennai,Silver,2023-04-08
CUST00848,Customer_848,62.0,Male,Mumbai,Silver,2023-02-13
CUST00849,Customer_849,30.0,Male,Surat,Basic,2023-05-04
CUST00850,Customer_850,21.0,Male,Pune,Basic,2023-07-28
CUST00851,Customer_851,18.0,Male,Kolkata,Silver,2023-09-08
CUST00852,Customer_852,66.0,Female,Kolkata,Silver,2023-10-12
CUST00853,Customer_853,57.0,Male,Mumbai,Gold,2023-05-04
CUST00854,Customer_854,49.0,Male,Surat,Gold,2023-12-20
CUST00855,Customer_855,51.0,Male,Hyderabad,Gold,2023-09-01
CUST00856,Customer_856,45.0,Male,Jaipur,Basic,2023-11-27
CUST00857,Customer_857,48.0,Male,Jaipur,Basic,2023-12-31
CUST00858,Customer_858,25.0,Male,Ahmedabad,Silver,2023-09-09
CUST00859,Customer_859,56.0,Female,Kolkata,Basic,2023-08-18
CUST00860,Customer_860,43.0,Female,Mumbai,Basic,2023-01-09
CUST00861,Customer_861,51.0,Female,Jaipur,Gold,2023-02-17
CUST00862,Customer_862,20.0,Male,Mumbai,Gold,2023-05-31
CUST00863,Customer_863,67.0,Male,Ahmedabad,Basic,2023-04-24
CUST00864,Customer_864,29.0,Female,Kolkata,Basic,2023-07-27
CUST00865,Customer_865,18.0,Female,Bangalore,Basic,2023-12-21
CUST00866,Customer_866,61.0,Male,Pune,Gold,2023-05-05
CUST00867,Customer_867,22.0,Male,Pune,Gold,2023-06-06
CUST00868,Customer_868,47.0,Male,Jaipur,Basic,2023-12-06
CUST00869,Customer_869,47.0,Male,Pune,Basic,2023-10-25
CUST00870,Customer_870,34.0,Male,Bangalore,Gold,2023-07-08
CUST00871,Customer_871,65.0,Female,Mumbai,Basic,2023-08-31
CUST00872,Customer_872,64.0,Female,Ahmedabad,Silver,2023-10-11
CUST00873,Customer_873,40.0,Female,Bangalore,Platinum,2023-09-29
CUST00874,Customer_874,32.0,Female,Ahmedabad,Basic,2023-06-26
CUST00875,Customer_875,54.0,Female,Ahmedabad,Silver,2023-08-06
CUST00876,Customer_876,38.0,Female,Kolkata,Basic,2023-10-09
CUST00877,Customer_877,31.0,Female,Mumbai,Basic,2023-06-19
CUST00878,Customer_878,19.0,Male,Surat,Gold,2023-06-30
CUST00879,Customer_879,28.0,Male,Pune,Basic,2023-12-26
CUST00880,Customer_880,68.0,Male,Surat,Platinum,2023-08-21
CUST00881,Customer_881,56.0,Female,Kolkata,Silver,2023-05-19
CUST00882,Customer_882,55.0,Female,Ahmedabad,Basic,2023-06-06
CUST00883,Customer_883,51.0,Male,Jaipur,Basic,2023-05-09
CUST00884,Customer_884,55.0,Female,Pune,Basic,2023-04-29
CUST00885,Customer_885,67.0,Male,Pune,Basic,2023-03-03
CUST00886,Customer_886,51.0,Female,Mumbai,Basic,2023-04-09
CUST00887,Customer_887,35.0,Male,Chennai,Basic,2023-06-11
CUST00888,Customer_888,47.0,Male,Delhi,Basic,2023-03-03
CUST00889,Customer_889,32.0,Female,Delhi,Silver,2023-10-02
CUST00890,Customer_890,44.0,Male,Delhi,Silver,2023-12-20
CUST00891,Customer_891,68.0,Male,Chennai,Silver,2023-04-05
CUST00892,Customer_892,51.0,Male,Mumbai,Basic,2023-04-09
CUST00893,Customer_893,69.0,Female,Chennai,Basic,2023-04-21
CUST00894,Customer_894,55.0,Female,Delhi,Silver,2023-09-05
CUST00895,Customer_895,50.0,Male,Kolkata,Basic,2023-05-22
CUST00896,Customer_896,41.0,Female,Bangalore,Basic,2023-10-29
CUST00897,Customer_897,32.0,Female,Ahmedabad,Gold,2023-09-26
CUST00898,Customer_898,47.0,Male,Chennai,Silver,2023-11-02
CUST00899,Customer_899,59.0,Male,Mumbai,Silver,2023-05-25
CUST00900,Customer_900,68.0,Male,Mumbai,Basic,2023-02-21
CUST00901,Customer_901,34.0,Male,Surat,Silver,2023-04-10
CUST00902,Customer_902,22.0,Female,Bangalore,Silver,2023-06-01
CUST00903,Customer_903,46.0,Male,Jaipur,Silver,2023-04-27
CUST00904,Customer_904,21.0,Female,Pune,Silver,2023-07-04
CUST00905,Customer_905,27.0,Female,Delhi,Gold,2023-04-02
CUST00906,Customer_906,34.0,Male,Jaipur,Silver,2023-06-04
CUST00907,Customer_907,27.0,Female,Surat,Basic,2023-01-08
CUST00908,Customer_908,34.0,Male,Delhi,Silver,2023-12-29
CUST00909,Customer_909,37.0,Other,Bangalore,Silver,2023-10-01
CUST00910,Customer_910,41.0,Female,Surat,Silver,2023-03-06
CUST00911,Customer_911,22.0,Female,Delhi,Basic,2023-05-21
CUST00912,Customer_912,51.0,Female,Bangalore,Basic,2023-01-24
CUST00913,Customer_913,23.0,Male,Hyderabad,Gold,2023-01-28
CUST00914,Customer_914,19.0,Female,Jaipur,Silver,2023-10-11
CUST00915,Customer_915,30.0,Female,Jaipur,Gold,2023-05-30
CUST00916,Customer_916,60.0,Female,Pune,Silver,2023-12-24
CUST00917,Customer_917,60.0,Female,Bangalore,Silver,2023-03-06
CUST00918,Customer_918,65.0,Female,Chennai,Silver,2023-11-23
CUST00919,Customer_919,28.0,Male,Hyderabad,Gold,2023-09-09
CUST00920,Customer_920,68.0,Male,Kolkata,Silver,2023-02-22
CUST00921,Customer_921,64.0,Female,Delhi,Silver,2023-01-07
CUST00922,Customer_922,40.0,Male,Hyderabad,Basic,2023-10-21
CUST00923,Customer_923,33.0,Female,Bangalore,Basic,2023-05-26
CUST00924,Customer_924,48.0,Female,Ahmedabad,Silver,2023-08-29
CUST00925,Customer_925,28.0,Male,Delhi,Basic,2023-09-03
CUST00926,Customer_926,33.0,Male,Mumbai,Basic,2023-08-14
CUST00927,Customer_927,25.0,Female,Jaipur,Basic,2023-06-24
CUST00928,Customer_928,21.0,Male,Bangalore,Basic,2023-04-05
CUST00929,Customer_929,57.0,Female,Mumbai,Basic,2023-01-27
CUST00930,Customer_930,21.0,Male,Pune,Basic,2023-05-10
CUST00931,Customer_931,,Female,Surat,Gold,2023-09-02
CUST00932,Customer_932,20.0,Male,Kolkata,Silver,2023-02-28
CUST00933,Customer_933,49.0,Female,Kolkata,Basic,2023-02-03
CUST00934,Customer_934,20.0,Male,Mumbai,Basic,2023-07-25
CUST00935,Customer_935,44.0,Female,Jaipur,Silver,2023-09-09
CUST00936,Customer_936,46.0,Male,Pune,Basic,2023-02-07
CUST00937,Customer_937,49.0,Female,Ahmedabad,Gold,2023-10-23
CUST00938,Customer_938,67.0,Female,Jaipur,Silver,2023-11-19
CUST00939,Customer_939,68.0,Male,Hyderabad,Silver,2023-12-18
CUST00940,Customer_940,36.0,Male,Kolkata,Basic,2023-01-28
CUST00941,Customer_941,38.0,Male,Hyderabad,Silver,2023-03-19
CUST00942,Customer_942,22.0,Female,Delhi,Basic,2023-03-18
CUST00943,Customer_943,35.0,Female,Chennai,Gold,2023-10-16
CUST00944,Customer_944,,Female,Bangalore,Silver,2023-06-05
CUST00945,Customer_945,59.0,Male,Pune,Basic,2023-02-13
CUST00946,Customer_946,39.0,Male,Jaipur,Basic,2023-05-08
CUST00947,Customer_947,38.0,Female,Kolkata,Basic,2023-03-02
CUST00948,Customer_948,23.0,Female,Hyderabad,Silver,2023-10-13
CUST00949,Customer_949,18.0,Other,Surat,Basic,2023-08-02
CUST00950,Customer_950,22.0,Male,Delhi,Silver,2023-11-07
CUST00951,Customer_951,58.0,Female,Bangalore,Basic,2023-11-02
CUST00952,Customer_952,29.0,Male,Bangalore,Silver,2023-11-13
CUST00953,Customer_953,43.0,Male,Jaipur,Gold,2023-04-26
CUST00954,Customer_954,63.0,Female,Pune,Silver,2023-09-25
CUST00955,Customer_955,51.0,Female,Ahmedabad,Silver,2023-07-14
CUST00956,Customer_956,66.0,Other,Surat,Basic,2023-08-19
CUST00957,Customer_957,31.0,Male,Jaipur,Basic,2023-08-15
CUST00958,Customer_958,43.0,Male,Hyderabad,Silver,2023-06-02
CUST00959,Customer_959,62.0,Female,Chennai,Basic,2023-10-29
CUST00960,Customer_960,44.0,Female,Mumbai,Basic,2023-08-08
CUST00961,Customer_961,26.0,Male,Ahmedabad,Basic,2023-06-06
CUST00962,Customer_962,43.0,Male,Pune,Basic,2023-10-19
CUST00963,Customer_963,64.0,Male,Delhi,Basic,2023-11-14
CUST00964,Customer_964,39.0,Female,Ahmedabad,Gold,2023-01-31
CUST00965,Customer_965,64.0,Male,Kolkata,Basic,2023-11-09
CUST00966,Customer_966,47.0,Male,,Silver,2023-02-20
CUST00967,Customer_967,60.0,Male,Chennai,Basic,2023-04-17
CUST00968,Customer_968,65.0,Male,Kolkata,Silver,2023-11-17
CUST00969,Customer_969,34.0,Male,Ahmedabad,Basic,2023-04-19
CUST00970,Customer_970,43.0,Female,Mumbai,Gold,2023-05-16
CUST00971,Customer_971,53.0,Male,Mumbai,Gold,2023-12-05
CUST00972,Customer_972,18.0,Female,Chennai,Basic,2023-02-11
CUST00973,Customer_973,25.0,Male,Bangalore,Gold,2023-03-22
CUST00974,Customer_974,66.0,Female,Surat,Platinum,2023-05-03
CUST00975,Customer_975,52.0,Female,Delhi,Gold,2023-03-30
CUST00976,Customer_976,69.0,Female,Bangalore,Gold,2023-10-10
CUST00977,Customer_977,32.0,Female,Mumbai,Basic,2023-02-08
CUST00978,Customer_978,64.0,Male,Mumbai,Silver,2023-03-22
CUST00979,Customer_979,39.0,Male,Hyderabad,Basic,2023-01-02
CUST00980,Customer_980,31.0,Female,Kolkata,Basic,2023-07-29
CUST00981,Customer_981,43.0,Other,Ahmedabad,Platinum,2023-08-19
CUST00982,Customer_982,45.0,Female,Delhi,Basic,2023-12-19
CUST00983,Customer_983,40.0,Female,Chennai,Silver,2023-11-01
CUST00984,Customer_984,31.0,Female,Ahmedabad,Gold,2023-08-29
CUST00985,Customer_985,41.0,Male,Hyderabad,Gold,2023-05-30
CUST00986,Customer_986,19.0,Male,Mumbai,Platinum,2023-01-17
CUST00987,Customer_987,62.0,Female,Chennai,Basic,2023-04-29
CUST00988,Customer_988,43.0,Female,Mumbai,Basic,2023-05-28
CUST00989,Customer_989,31.0,Male,Delhi,Basic,2023-12-28
CUST00990,Customer_990,68.0,Female,Kolkata,Basic,2023-05-25
CUST00991,Customer_991,24.0,Male,Ahmedabad,Basic,2023-12-26
CUST00992,Customer_992,20.0,Female,Ahmedabad,Basic,2023-08-21
CUST00993,Customer_993,64.0,Male,Bangalore,Silver,2023-02-06
CUST00994,Customer_994,40.0,Male,Chennai,Silver,2023-12-18
CUST00995,Customer_995,63.0,Female,Surat,Basic,2023-04-30
CUST00996,Customer_996,60.0,Male,Hyderabad,Silver,2023-05-16
CUST00997,Customer_997,64.0,Female,Surat,Basic,2023-11-17
CUST00998,Customer_998,62.0,Female,Bangalore,Basic,2023-10-29
CUST00999,Customer_999,35.0,Female,Delhi,Silver,2023-12-05
CUST01000,Customer_1000,55.0,Male,Hyderabad,Silver,2023-04-12
